{"stats":{"minecraft:used":{"minecraft:white_bed":1},"minecraft:picked_up":{"minecraft:white_bed":1,"regions_unexplored:red_maple_shrub":1},"minecraft:mined":{"minecraft:grass":1,"minecraft:white_bed":1,"regions_unexplored:red_maple_shrub":1},"minecraft:custom":{"minecraft:jump":114,"minecraft:open_chest":1,"minecraft:time_since_rest":5135,"minecraft:crouch_one_cm":44,"minecraft:sprint_one_cm":26785,"minecraft:play_time":5135,"minecraft:damage_taken":60,"minecraft:time_since_death":5135,"minecraft:walk_one_cm":20431,"minecraft:bell_ring":1,"minecraft:sneak_time":40,"minecraft:total_world_time":5135,"minecraft:talked_to_villager":7,"minecraft:fall_one_cm":4330,"minecraft:fly_one_cm":26389,"minecraft:horse_one_cm":142}},"DataVersion":3465}