{"stats":{"minecraft:killed":{"minecraft:sheep":1},"minecraft:used":{"minecraft:leather_leggings":1,"minecraft:white_bed":1,"aquamirae:fin_cutter":14,"minecraft:leather_boots":1},"minecraft:dropped":{"sophisticatedbackpacks:backpack":1},"minecraft:picked_up":{"regions_unexplored:red_maple_shrub":1,"minecraft:white_bed":1,"minecraft:white_wool":1},"minecraft:mined":{"minecraft:grass":3,"minecraft:white_bed":1,"regions_unexplored:red_maple_shrub":1},"minecraft:custom":{"minecraft:time_since_rest":17135,"minecraft:open_chest":1,"minecraft:crouch_one_cm":342,"minecraft:play_time":17135,"minecraft:sprint_one_cm":34296,"minecraft:damage_taken":60,"minecraft:walk_one_cm":23491,"minecraft:sneak_time":518,"minecraft:bell_ring":1,"minecraft:mob_kills":1,"minecraft:drop":1,"minecraft:jump":152,"minecraft:damage_dealt":427,"minecraft:time_since_death":17135,"minecraft:total_world_time":17135,"minecraft:fall_one_cm":6747,"minecraft:talked_to_villager":7,"minecraft:fly_one_cm":408952,"minecraft:horse_one_cm":142}},"DataVersion":3465}