{
  "minecraft:recipes/decorations/painting": {
    "criteria": {
      "has_wool": "2024-07-06 02:37:58 +0000"
    },
    "done": true
  },
  "regions_unexplored:recipes/misc/red_maple_sapling_from_red_maple_shrub": {
    "criteria": {
      "has_red_maple_shrub": "2024-07-06 02:29:01 +0000"
    },
    "done": true
  },
  "minecraft:recipes/decorations/crafting_table": {
    "criteria": {
      "unlock_right_away": "2024-07-06 02:28:22 +0000"
    },
    "done": true
  },
  "aquamirae:recipes/pirate_pouch": {
    "criteria": {
      "has_item": "2024-07-06 02:36:48 +0000"
    },
    "done": true
  },
  "minecraft:recipes/decorations/white_carpet": {
    "criteria": {
      "has_white_wool": "2024-07-06 02:37:58 +0000"
    },
    "done": true
  },
  "regions_unexplored:regions_explored": {
    "criteria": {
      "pine_taiga": "2024-07-06 02:35:59 +0000",
      "autumnal_maple_forest": "2024-07-06 02:28:38 +0000",
      "muddy_river": "2024-07-06 02:36:24 +0000",
      "blackwood_taiga": "2024-07-06 02:35:31 +0000",
      "maple_forest": "2024-07-06 02:37:42 +0000",
      "boreal_forest": "2024-07-06 02:36:08 +0000",
      "pine_slopes": "2024-07-06 02:31:39 +0000"
    },
    "done": false
  },
  "minecraft:recipes/decorations/white_banner": {
    "criteria": {
      "has_white_wool": "2024-07-06 02:37:58 +0000"
    },
    "done": true
  },
  "regions_unexplored:pioneer": {
    "criteria": {
      "pine_taiga": "2024-07-06 02:35:59 +0000",
      "autumnal_maple_forest": "2024-07-06 02:28:38 +0000",
      "muddy_river": "2024-07-06 02:36:24 +0000",
      "blackwood_taiga": "2024-07-06 02:35:31 +0000",
      "maple_forest": "2024-07-06 02:37:42 +0000",
      "boreal_forest": "2024-07-06 02:36:08 +0000",
      "pine_slopes": "2024-07-06 02:31:39 +0000"
    },
    "done": false
  },
  "minecraft:adventure/root": {
    "criteria": {
      "killed_something": "2024-07-06 02:37:57 +0000"
    },
    "done": true
  },
  "minecraft:adventure/adventuring_time": {
    "criteria": {
      "minecraft:snowy_slopes": "2024-07-06 02:31:51 +0000",
      "minecraft:birch_forest": "2024-07-06 02:35:08 +0000",
      "minecraft:beach": "2024-07-06 02:42:25 +0000",
      "minecraft:dark_forest": "2024-07-06 02:35:14 +0000",
      "minecraft:stony_shore": "2024-07-06 02:42:30 +0000",
      "minecraft:grove": "2024-07-06 02:28:23 +0000",
      "minecraft:forest": "2024-07-06 02:33:07 +0000",
      "minecraft:old_growth_birch_forest": "2024-07-06 02:35:03 +0000",
      "minecraft:meadow": "2024-07-06 02:30:46 +0000",
      "minecraft:plains": "2024-07-06 02:37:55 +0000"
    },
    "done": false
  },
  "minecraft:recipes/decorations/white_bed": {
    "criteria": {
      "has_white_wool": "2024-07-06 02:37:58 +0000"
    },
    "done": true
  },
  "regions_unexplored:parent": {
    "criteria": {
      "load_in_world": "2024-07-06 02:28:23 +0000"
    },
    "done": true
  },
  "DataVersion": 3465
}