{
  "regions_unexplored:recipes/misc/red_maple_sapling_from_red_maple_shrub": {
    "criteria": {
      "has_red_maple_shrub": "2024-07-06 02:29:01 +0000"
    },
    "done": true
  },
  "minecraft:recipes/decorations/crafting_table": {
    "criteria": {
      "unlock_right_away": "2024-07-06 02:28:22 +0000"
    },
    "done": true
  },
  "regions_unexplored:regions_explored": {
    "criteria": {
      "autumnal_maple_forest": "2024-07-06 02:28:38 +0000",
      "pine_slopes": "2024-07-06 02:31:39 +0000"
    },
    "done": false
  },
  "regions_unexplored:pioneer": {
    "criteria": {
      "autumnal_maple_forest": "2024-07-06 02:28:38 +0000",
      "pine_slopes": "2024-07-06 02:31:39 +0000"
    },
    "done": false
  },
  "minecraft:adventure/adventuring_time": {
    "criteria": {
      "minecraft:snowy_slopes": "2024-07-06 02:31:51 +0000",
      "minecraft:grove": "2024-07-06 02:28:23 +0000",
      "minecraft:meadow": "2024-07-06 02:30:46 +0000"
    },
    "done": false
  },
  "regions_unexplored:parent": {
    "criteria": {
      "load_in_world": "2024-07-06 02:28:23 +0000"
    },
    "done": true
  },
  "DataVersion": 3465
}